"Date","Open","High","Low","Close","EMA5","EMA10","EMA20"
"20100426","0.209749","0.189749","0.221054","0.221068","0.000000","0.000000","0.000000"
"20100427","0.218580","0.182074","0.217429","0.213006","0.000000","0.000000","0.000000"
"20100428","0.211018","0.174300","0.185744","0.190969","0.000000","0.000000","0.000000"
"20100429","0.189428","0.165012","0.198632","0.201044","0.000000","0.000000","0.000000"
"20100430","0.199565","0.188265","0.210697","0.224847","0.645855","0.000000","0.000000"
"20100503","0.223287","0.194875","0.226996","0.222769","0.647394","0.000000","0.000000"
"20100504","0.221160","0.204046","0.225375","0.221978","0.648300","0.000000","0.000000"
"20100505","0.219814","0.183343","0.165555","0.162315","0.639846","0.000000","0.000000"
"20100506","0.160698","0.122562","0.120536","0.143847","0.631405","0.000000","0.000000"
"20100507","0.141290","0.102607","0.093036","0.105133","0.619900","0.641220","0.000000"
"20100510","0.104364","0.132758","0.113883","0.165118","0.621338","0.639725","0.000000"
"20100511","0.163862","0.132689","0.150050","0.143792","0.619059","0.636710","0.000000"
"20100512","0.142477","0.126054","0.152642","0.163357","0.620510","0.635887","0.000000"
"20100514","0.161551","0.136362","0.169891","0.169057","0.622342","0.635693","0.000000"
"20100517","0.167278","0.129327","0.136277","0.148736","0.620479","0.633827","0.000000"
"20100518","0.147961","0.122141","0.158218","0.159069","0.620805","0.633168","0.000000"
"20100519","0.157290","0.119057","0.106703","0.102888","0.612493","0.627911","0.000000"
"20100520","0.102267","0.080747","0.072791","0.083584","0.604020","0.621988","0.000000"
"20100521","0.081581","0.041216","0.032189","0.048858","0.593100","0.614226","0.000000"
"20100524","0.048372","0.034617","0.047389","0.042628","0.584873","0.607352","0.630620"
"20100525","0.041495","0.000000","0.000000","0.000000","0.572917","0.598148","0.623923"
"20100526","0.000000","0.058852","0.007750","0.095819","0.579494","0.598664","0.622106"
"20100527","0.094425","0.074181","0.058212","0.105664","0.585373","0.599914","0.620898"
"20100531","0.104770","0.113628","0.114296","0.150571","0.596112","0.604707","0.621793"
"20100601","0.148967","0.110501","0.118093","0.109887","0.597093","0.605212","0.620801"
"20100602","0.108965","0.095977","0.116154","0.114808","0.598495","0.606039","0.620122"
"20100603","0.113918","0.116669","0.123599","0.155617","0.605625","0.610143","0.621314"
"20100604","0.154106","0.123569","0.153618","0.161863","0.611327","0.614025","0.622669"
"20100607","0.158884","0.120696","0.098774","0.122862","0.609207","0.613926","0.622169"
"20100608","0.121690","0.098939","0.131503","0.137865","0.610071","0.615104","0.622380"
"20100609","0.136401","0.105359","0.136290","0.138177","0.610695","0.616095","0.622585"
"20100610","0.137083","0.101307","0.128596","0.127080","0.609426","0.615974","0.622280"
"20100611","0.126242","0.114148","0.136131","0.143490","0.611071","0.617253","0.622729"
"20100614","0.142242","0.117742","0.152402","0.157266","0.614260","0.619456","0.623746"
"20100615","0.155934","0.132156","0.165356","0.160312","0.616848","0.621514","0.624801"
"20100616","0.159144","0.147146","0.169591","0.176036","0.620961","0.624519","0.626452"
"20100617","0.173024","0.158797","0.183707","0.192653","0.626226","0.628373","0.628681"
"20100618","0.191102","0.179915","0.202090","0.215768","0.633245","0.633467","0.631721"
"20100621","0.214199","0.208075","0.223091","0.222298","0.638916","0.638184","0.634761"
"20100622","0.219809","0.193016","0.220542","0.218855","0.642174","0.641754","0.637359"
"20100623","0.216584","0.180022","0.209334","0.214351","0.643662","0.644297","0.639510"
"20100624","0.212605","0.188176","0.214799","0.208382","0.643748","0.645876","0.641191"
"20100625","0.206425","0.190993","0.212914","0.226912","0.646619","0.648724","0.643533"
"20100628","0.225152","0.205409","0.235255","0.230988","0.649151","0.651396","0.645833"
"20100629","0.229140","0.196307","0.195853","0.198050","0.645839","0.650817","0.646455"
"20100630","0.195844","0.170640","0.178382","0.206726","0.644948","0.651071","0.647402"
"20100701","0.204461","0.167558","0.189183","0.187415","0.641422","0.649657","0.647404"
"20100702","0.186143","0.157169","0.186735","0.183070","0.638411","0.648136","0.647213"
"20100705","0.181701","0.151375","0.191507","0.186724","0.636959","0.647198","0.647203"
"20100706","0.185147","0.168572","0.187945","0.205207","0.638797","0.647983","0.648011"
"20100707","0.203378","0.168588","0.203359","0.200974","0.639380","0.648269","0.648556"
"20100708","0.199620","0.179828","0.210367","0.205144","0.640402","0.648854","0.649233"
"20100709","0.203579","0.178396","0.210738","0.216296","0.642776","0.650269","0.650339"
"20100712","0.213359","0.194505","0.223749","0.224867","0.645660","0.652147","0.651719"
"20100713","0.222365","0.196985","0.228297","0.226506","0.647832","0.653820","0.653041"
"20100714","0.224748","0.207367","0.236307","0.235014","0.650571","0.655904","0.654613"
"20100715","0.232450","0.201566","0.234149","0.237780","0.652818","0.657842","0.656158"
"20100716","0.235755","0.206238","0.242090","0.244070","0.655270","0.659955","0.657834"
"20100719","0.241893","0.206044","0.227763","0.234921","0.655516","0.660916","0.658946"
"20100720","0.233174","0.205501","0.239665","0.243332","0.656957","0.662408","0.660324"
"20100721","0.241533","0.214914","0.250906","0.251311","0.659129","0.664300","0.661924"
"20100722","0.249464","0.216054","0.250100","0.246859","0.659902","0.665473","0.663175"
"20100723","0.245101","0.231977","0.257005","0.262800","0.662837","0.667772","0.665012"
"20100726","0.260759","0.237979","0.257804","0.252164","0.663179","0.668760","0.666203"
"20100727","0.250312","0.235303","0.262304","0.260875","0.664729","0.670299","0.667667"
"20100728","0.258721","0.233463","0.267644","0.262942","0.666076","0.671733","0.669083"
"20100729","0.261148","0.246590","0.272492","0.283391","0.670079","0.674623","0.671269"
"20100730","0.281099","0.249845","0.268156","0.266153","0.670131","0.675539","0.672484"
"20100802","0.264653","0.237250","0.262667","0.257031","0.668780","0.675523","0.673179"
"20100803","0.255208","0.232920","0.216967","0.211739","0.661003","0.671707","0.671803"
"20100804","0.210071","0.188564","0.213193","0.213747","0.656123","0.668753","0.670647"
"20100805","0.212313","0.206895","0.223661","0.243439","0.657378","0.668829","0.670915"
"20100806","0.241761","0.214896","0.244508","0.250473","0.659283","0.669483","0.671470"
"20100809","0.246539","0.224452","0.257592","0.261882","0.662285","0.670975","0.672476"
"20100810","0.260032","0.224886","0.252094","0.247343","0.662079","0.670976","0.672743"
"20100811","0.243755","0.210981","0.237466","0.235712","0.660175","0.669999","0.672470"
"20100812","0.233097","0.197000","0.222131","0.228381","0.657793","0.668585","0.671898"
"20100813","0.226550","0.204479","0.237867","0.241232","0.658156","0.668506","0.671950"
"20100816","0.239198","0.206554","0.239582","0.240284","0.658255","0.668363","0.671954"
"20100818","0.238792","0.212054","0.245065","0.248695","0.659597","0.668952","0.672331"
"20100819","0.246925","0.234329","0.258686","0.266073","0.663130","0.670893","0.673441"
"20100820","0.262700","0.236481","0.264114","0.271737","0.666346","0.672957","0.674696"
"20100823","0.269393","0.239878","0.275555","0.276302","0.669183","0.675029","0.676034"
"20100824","0.273930","0.245358","0.269920","0.268290","0.669858","0.676051","0.676890"
"20100825","0.266029","0.243462","0.271133","0.279694","0.672039","0.677846","0.678169"
"20100826","0.277242","0.248886","0.282070","0.280505","0.673616","0.679382","0.679362"
"20100827","0.278234","0.243409","0.259715","0.258058","0.671260","0.678754","0.679448"
"20100830","0.256294","0.240773","0.259319","0.254990","0.669223","0.677982","0.679389"
"20100831","0.252436","0.217721","0.242279","0.244674","0.666299","0.676484","0.678880"
"20100901","0.242433","0.237740","0.254292","0.274778","0.668920","0.677787","0.679752"
"20100902","0.272849","0.250670","0.266779","0.265761","0.669299","0.678096","0.680141"
"20100903","0.263701","0.249240","0.275921","0.286085","0.672637","0.680055","0.681394"
"20100906","0.283963","0.273152","0.296525","0.309237","0.678377","0.683602","0.683552"
"20100907","0.307095","0.283375","0.315668","0.314946","0.683071","0.686984","0.685757"
"20100915","0.313275","0.355599","0.326335","0.386201","0.697019","0.695735","0.690907"
"20100916","0.383403","0.352183","0.372940","0.373724","0.704423","0.701848","0.695014"
"20100917","0.370819","0.361275","0.384854","0.389314","0.711726","0.708158","0.699420"
"20100920","0.386378","0.356789","0.376159","0.377583","0.714814","0.712336","0.702887"
"20100921","0.375086","0.360414","0.369708","0.370153","0.715744","0.715130","0.705695"
"20100922","0.367453","0.344738","0.367194","0.360732","0.714934","0.716624","0.707818"
"20100923","0.358340","0.329287","0.355534","0.357851","0.713957","0.717606","0.709612"
"20100924","0.356118","0.357702","0.365311","0.388910","0.718021","0.721017","0.712610"
"20100927","0.386160","0.390728","0.400455","0.418240","0.725183","0.726271","0.716621"
"20100928","0.415311","0.411545","0.419260","0.413005","0.729163","0.730130","0.720018"
"20100929","0.410353","0.398851","0.422666","0.421281","0.733073","0.733983","0.723458"
"20100930","0.418395","0.395905","0.425993","0.420810","0.735608","0.737095","0.726549"
"20101001","0.417679","0.413072","0.432508","0.445047","0.740978","0.741677","0.730420"
"20101004","0.441954","0.436221","0.457194","0.458414","0.746588","0.746549","0.734513"
"20101005","0.455177","0.432757","0.458447","0.464233","0.751211","0.751023","0.738474"
"20101006","0.461144","0.449863","0.473256","0.473487","0.755698","0.755461","0.742468"
"20101007","0.470158","0.440740","0.452354","0.463133","0.757118","0.758223","0.745622"
"20101008","0.459620","0.429905","0.442254","0.439457","0.754469","0.758494","0.747429"
"20101011","0.436765","0.423262","0.449041","0.443682","0.753345","0.759071","0.749250"
"20101012","0.440598","0.417558","0.449371","0.444658","0.752744","0.759625","0.750941"
"20101013","0.442864","0.439140","0.457152","0.471983","0.756492","0.762373","0.753680"
"20101014","0.468723","0.457117","0.481546","0.477680","0.759855","0.765099","0.756411"
"20101015","0.474896","0.445611","0.468854","0.463185","0.759897","0.766113","0.758241"
"20101018","0.459736","0.430025","0.453511","0.445319","0.757212","0.765442","0.759105"
"20101019","0.442417","0.427206","0.455064","0.455298","0.756937","0.765731","0.760328"
"20101020","0.451833","0.421899","0.437532","0.449659","0.755898","0.765494","0.761185"
"20101021","0.446535","0.433983","0.460969","0.450474","0.755329","0.765368","0.761997"
"20101022","0.447698","0.427557","0.461967","0.458843","0.756220","0.765969","0.763102"
"20101025","0.455837","0.450087","0.471313","0.481626","0.760273","0.768373","0.765110"
"20101026","0.477940","0.456661","0.492399","0.488360","0.763998","0.770906","0.767226"
"20101027","0.483652","0.462383","0.472568","0.472936","0.764139","0.771683","0.768457"
"20101028","0.469181","0.446891","0.477497","0.474564","0.764481","0.772455","0.769642"
"20101029","0.471413","0.446661","0.474464","0.474405","0.764684","0.773073","0.770708"
"20101101","0.471132","0.457079","0.476037","0.478306","0.765412","0.773907","0.771845"
"20101102","0.474261","0.445999","0.474756","0.466772","0.764146","0.773621","0.772363"
"20101103","0.463547","0.441579","0.455556","0.452345","0.761112","0.772175","0.772193"
"20101104","0.449208","0.432561","0.462446","0.465350","0.761063","0.772084","0.772615"
"20101105","0.462438","0.453319","0.478026","0.478465","0.763022","0.773111","0.773578"
"20101108","0.475106","0.466385","0.487755","0.497811","0.767266","0.775576","0.775305"
"20101109","0.494200","0.489236","0.505173","0.516421","0.772920","0.779156","0.777692"
"20101110","0.513138","0.488767","0.514650","0.516197","0.776656","0.782066","0.779841"
"20101111","0.512791","0.494515","0.505398","0.504710","0.777402","0.783482","0.781277"
"20101112","0.501070","0.472530","0.469283","0.472766","0.773049","0.781958","0.781162"
"20101115","0.468889","0.442726","0.466603","0.463317","0.768713","0.779918","0.780640"
"20101116","0.460296","0.445772","0.467838","0.475806","0.767718","0.779297","0.780721"
"20101118","0.472094","0.448502","0.471010","0.480808","0.767815","0.779209","0.781015"
"20101119","0.477739","0.472793","0.492429","0.503576","0.771336","0.781050","0.782289"
"20101122","0.500185","0.478719","0.503373","0.508594","0.774445","0.782977","0.783664"
"20101123","0.504865","0.476425","0.474010","0.473726","0.771224","0.781625","0.783364"
"20101124","0.469967","0.443208","0.454825","0.461277","0.767186","0.779474","0.782542"
"20101125","0.458207","0.454894","0.473723","0.481005","0.767490","0.779371","0.782672"
"20101126","0.477509","0.450498","0.451993","0.445521","0.762305","0.776306","0.781218"
"20101129","0.442546","0.412351","0.424481","0.442849","0.758442","0.773574","0.779784"
"20101130","0.440233","0.411655","0.396855","0.386256","0.747275","0.766587","0.775981"
"20101201","0.383212","0.399043","0.397457","0.432745","0.746888","0.764773","0.774599"
"20101202","0.430091","0.446878","0.445131","0.472309","0.752638","0.766613","0.775100"
"20101203","0.468988","0.454581","0.473246","0.468039","0.755822","0.767759","0.775364"
"20101206","0.464987","0.451568","0.480618","0.481750","0.760027","0.769848","0.776210"
"20101208","0.478676","0.466263","0.493823","0.497512","0.765223","0.772881","0.777674"
"20101209","0.494949","0.472056","0.495205","0.490169","0.767573","0.774746","0.778672"
"20101210","0.485737","0.456758","0.471154","0.469648","0.766023","0.774549","0.778668"
"20101213","0.466343","0.439779","0.452977","0.446331","0.761450","0.772429","0.777631"
"20101214","0.443228","0.420329","0.447594","0.441587","0.757681","0.770296","0.776483"
"20101215","0.439338","0.409052","0.416766","0.428016","0.753107","0.767411","0.774844"
"20101216","0.424352","0.393644","0.384632","0.380606","0.742860","0.761070","0.771261"
"20101217","0.377602","0.365025","0.373232","0.385049","0.736704","0.756254","0.768217"
"20101220","0.387144","0.357890","0.377334","0.386675","0.732846","0.752450","0.765534"
"20101221","0.384241","0.391220","0.398503","0.420939","0.735477","0.752216","0.764624"
"20101222","0.418026","0.394483","0.417175","0.410373","0.735626","0.751137","0.763333"
"20101223","0.407988","0.379329","0.401350","0.401302","0.734348","0.749492","0.761763"
"20101227","0.398657","0.376648","0.407416","0.409989","0.734816","0.748876","0.760728"
"20101228","0.407289","0.398388","0.420104","0.425609","0.737499","0.749684","0.760482"
"20101229","0.422572","0.414232","0.437485","0.443054","0.741936","0.751810","0.761032"
"20101230","0.439668","0.421835","0.450377","0.444378","0.745095","0.753660","0.761589"
"20110103","0.441773","0.431936","0.457010","0.460773","0.749691","0.756551","0.762818"
"20110104","0.457641","0.445494","0.470781","0.473479","0.754684","0.759984","0.764493"
"20110105","0.470027","0.456024","0.467922","0.485133","0.759781","0.763771","0.766524"
"20110106","0.481200","0.455588","0.459196","0.456114","0.758774","0.764432","0.767077"
"20110107","0.451595","0.421654","0.395249","0.397378","0.749185","0.760040","0.764977"
"20110110","0.394331","0.362777","0.319094","0.320578","0.731131","0.749998","0.759677"
"20110111","0.317817","0.320363","0.305082","0.304675","0.716681","0.740445","0.754177"
"20110112","0.302499","0.322407","0.315376","0.357347","0.715045","0.737053","0.751533"
"20110113","0.355033","0.364258","0.367267","0.363637","0.714909","0.734806","0.749420"
"20110114","0.360732","0.331632","0.348873","0.363785","0.714841","0.732980","0.747514"
"20110117","0.360821","0.328810","0.342790","0.346886","0.712229","0.730066","0.745042"
"20110118","0.344573","0.316562","0.341582","0.351934","0.711255","0.728106","0.743028"
"20110119","0.349410","0.321543","0.343372","0.345496","0.709628","0.725962","0.740922"
"20110120","0.342704","0.309696","0.309809","0.305543","0.702477","0.720853","0.737247"
"20110121","0.302630","0.268492","0.233990","0.266928","0.691847","0.713429","0.732212"
"20110124","0.265417","0.237684","0.249497","0.254417","0.682861","0.706305","0.727104"
"20110125","0.252982","0.271668","0.265019","0.299302","0.683685","0.704245","0.724468"
"20110126","0.297131","0.301730","0.298164","0.337225","0.689992","0.705745","0.723763"
"20110127","0.334040","0.327072","0.342445","0.341710","0.694878","0.707349","0.723324"
"20110128","0.338820","0.305701","0.324149","0.327058","0.695911","0.707430","0.722277"
"20110131","0.324257","0.290729","0.280890","0.285930","0.690354","0.704043","0.719510"
"20110201","0.284895","0.274816","0.297473","0.304081","0.689406","0.702796","0.717809"
"20110202","0.302144","0.295972","0.315015","0.322621","0.691589","0.703333","0.717092"
"20110204","0.320212","0.298621","0.323002","0.331690","0.694421","0.704534","0.716844"
"20110207","0.329761","0.310988","0.331813","0.330862","0.696184","0.705447","0.716583"
"20110208","0.328521","0.302528","0.321928","0.316288","0.695146","0.704970","0.715702"
"20110209","0.312794","0.278943","0.287583","0.290387","0.690521","0.702404","0.713758"
"20110210","0.287939","0.253388","0.258444","0.267859","0.684018","0.698413","0.711002"
"20110211","0.265124","0.243852","0.259763","0.279108","0.681390","0.696092","0.709006"
"20110214","0.277435","0.262146","0.289887","0.291702","0.681551","0.695251","0.707758"
"20110216","0.289303","0.256444","0.284066","0.292951","0.681847","0.694668","0.706684"
"20110217","0.290783","0.271526","0.303461","0.302819","0.683543","0.695020","0.706149"
"20110218","0.301061","0.307623","0.313913","0.338051","0.690023","0.698266","0.707225"
"20110221","0.335141","0.313835","0.342651","0.341433","0.694856","0.701206","0.708349"
"20110222","0.338671","0.305548","0.318189","0.316772","0.694334","0.701541","0.708273"
"20110223","0.314577","0.300813","0.318207","0.331541","0.696229","0.703055","0.708859"
"20110224","0.328839","0.295439","0.311773","0.310165","0.694246","0.702498","0.708442"
"20110225","0.308126","0.282697","0.314458","0.310476","0.692972","0.702069","0.708079"
"20110228","0.308141","0.290923","0.317841","0.326248","0.694517","0.703043","0.708449"
"20110301","0.323933","0.314075","0.337173","0.348003","0.698850","0.705666","0.709746"
"20110302","0.345082","0.312140","0.338562","0.337724","0.700178","0.706950","0.710465"
"20110303","0.334099","0.316463","0.345719","0.344244","0.702053","0.708547","0.711404"
"20110304","0.341998","0.339067","0.355544","0.373153","0.707693","0.712282","0.713534"
"20110307","0.369773","0.352081","0.374412","0.385138","0.713272","0.716344","0.715991"
"20110308","0.382107","0.357572","0.390265","0.392162","0.718058","0.720258","0.718526"
"20110309","0.388971","0.375205","0.401413","0.401137","0.722611","0.724214","0.721216"
"20110310","0.398069","0.366620","0.394361","0.395455","0.724784","0.726973","0.723398"
"20110311","0.392303","0.360692","0.364597","0.369851","0.722345","0.727080","0.724240"
"20110314","0.367036","0.358209","0.371966","0.386346","0.723224","0.728554","0.725731"
"20110315","0.383133","0.351263","0.351505","0.364373","0.720473","0.727914","0.726107"
"20110316","0.361768","0.336051","0.358131","0.364812","0.718706","0.727427","0.726467"
"20110317","0.361967","0.329501","0.341033","0.340550","0.713845","0.724991","0.725719"
"20110318","0.338329","0.321104","0.346146","0.344192","0.711156","0.723304","0.725203"
"20110321","0.341001","0.327196","0.354531","0.361630","0.712012","0.723388","0.725508"
"20110322","0.358979","0.333273","0.359911","0.360375","0.712392","0.723351","0.725729"
"20110323","0.357284","0.348357","0.365840","0.382936","0.716070","0.725216","0.726927"
"20110324","0.380277","0.376258","0.391132","0.410346","0.722684","0.729044","0.729225"
"20110325","0.407460","0.393221","0.412753","0.409914","0.727028","0.732139","0.731285"
"20110328","0.404173","0.377298","0.403735","0.404310","0.729073","0.734201","0.732901"
"20110329","0.400739","0.369366","0.396998","0.396380","0.729233","0.735222","0.734011"
"20110330","0.393528","0.387323","0.407887","0.418195","0.732651","0.737890","0.735982"
"20110331","0.415262","0.408066","0.427771","0.438581","0.738025","0.741785","0.738668"
"20110401","0.435640","0.421853","0.450282","0.453430","0.743862","0.746218","0.741755"
"20110404","0.450103","0.432958","0.450261","0.447187","0.746806","0.749321","0.744271"
"20110405","0.443778","0.413729","0.443346","0.437841","0.747349","0.751075","0.746135"
"20110406","0.434608","0.423227","0.440447","0.455021","0.750320","0.753953","0.748581"
"20110407","0.452961","0.431878","0.458364","0.460294","0.753101","0.756751","0.751028"
"20110408","0.457044","0.438892","0.467359","0.464894","0.755654","0.759426","0.753446"
"20110411","0.460956","0.448461","0.471953","0.467166","0.757700","0.761805","0.755734"
"20110412","0.463695","0.434095","0.456310","0.453161","0.756938","0.762576","0.757183"
"20110413","0.449716","0.430881","0.453940","0.462387","0.757831","0.763982","0.758904"
"20110414","0.459183","0.429456","0.456852","0.450040","0.756552","0.764095","0.759914"
"20110415","0.446733","0.431580","0.462055","0.462721","0.757624","0.765252","0.761389"
"20110418","0.459092","0.434258","0.465769","0.460561","0.758011","0.766018","0.762628"
"20110419","0.457131","0.429849","0.452977","0.462469","0.758559","0.766804","0.763833"
"20110420","0.459325","0.464478","0.474860","0.496307","0.764062","0.770290","0.766422"
"20110421","0.493841","0.474812","0.500882","0.496729","0.767794","0.773177","0.768783"
"20110425","0.493375","0.470178","0.496024","0.489253","0.769147","0.774911","0.770588"
"20110426","0.485164","0.458055","0.476851","0.480912","0.768783","0.775630","0.771852"
"20110427","0.477655","0.466734","0.493501","0.493721","0.770485","0.777293","0.773562"
"20110428","0.490266","0.470481","0.494466","0.493057","0.771519","0.778598","0.775080"
"20110429","0.488947","0.462778","0.494466","0.492401","0.772109","0.779611","0.776425"
"20110502","0.489012","0.477141","0.505050","0.509170","0.775048","0.781848","0.778384"
"20110503","0.504345","0.475890","0.500015","0.493466","0.774623","0.782360","0.779461"
"20110504","0.489835","0.463339","0.488650","0.494771","0.774538","0.782888","0.780494"
"20110505","0.490955","0.464234","0.492510","0.493042","0.774218","0.783175","0.781351"
"20110506","0.489356","0.460479","0.489205","0.484873","0.772765","0.782723","0.781765"
"20110509","0.481532","0.454971","0.485980","0.476842","0.770577","0.781680","0.781784"
"20110510","0.474038","0.453913","0.487079","0.483619","0.770147","0.781395","0.782102"
"20110511","0.480226","0.474914","0.496115","0.506841","0.773386","0.783112","0.783417"
"20110512","0.503011","0.474519","0.492938","0.486320","0.772430","0.782794","0.783698"
"20110513","0.483307","0.465345","0.499249","0.496809","0.773385","0.783414","0.784417"
"20110516","0.493216","0.464448","0.484798","0.481099","0.771637","0.782602","0.784372"
"20110518","0.478262","0.474238","0.494118","0.502114","0.773662","0.783703","0.785262"
"20110519","0.498784","0.486193","0.514988","0.514219","0.776850","0.785620","0.786603"
"20110520","0.510639","0.489035","0.523867","0.520370","0.779909","0.787705","0.788088"
"20110523","0.516222","0.488102","0.477421","0.474367","0.774964","0.785548","0.787396"
"20110524","0.470912","0.442937","0.476047","0.474704","0.771718","0.783811","0.786784"
"20110525","0.471001","0.442547","0.474038","0.471893","0.769128","0.782154","0.786106"
"20110526","0.468629","0.458998","0.484321","0.488026","0.769850","0.782153","0.786207"
"20110527","0.484487","0.464170","0.486308","0.494057","0.771248","0.782659","0.786565"
"20110530","0.489934","0.465062","0.498566","0.492531","0.771947","0.782944","0.786822"
"20110531","0.489143","0.468251","0.500900","0.496449","0.773009","0.783507","0.787227"
"20110601","0.493055","0.475671","0.505279","0.496544","0.773731","0.783975","0.787599"
"20110603","0.492956","0.469877","0.495868","0.502062","0.775050","0.784822","0.788179"
"20110606","0.498318","0.469693","0.499720","0.495082","0.774870","0.784929","0.788395"
"20110607","0.490363","0.464020","0.495752","0.496167","0.774914","0.785107","0.788638"
"20110608","0.492579","0.463793","0.490276","0.485355","0.773302","0.784345","0.788379"
"20110609","0.481773","0.453946","0.482612","0.474327","0.770553","0.782795","0.787657"
"20110610","0.471532","0.450136","0.474078","0.466049","0.767464","0.780832","0.786637"
"20110613","0.462525","0.432892","0.452009","0.448935","0.762806","0.777788","0.784957"
"20110614","0.445097","0.428554","0.454104","0.460172","0.761406","0.776242","0.783934"
"20110615","0.456920","0.446623","0.472414","0.471277","0.762160","0.775909","0.783500"
"20110616","0.467721","0.438235","0.449412","0.445710","0.758780","0.773490","0.781976"
"20110617","0.441889","0.424152","0.439824","0.437930","0.755346","0.770857","0.780252"
"20110620","0.434936","0.420377","0.444922","0.441724","0.753632","0.769022","0.778861"
"20110621","0.438882","0.437067","0.454071","0.467974","0.756475","0.769724","0.778764"
"20110622","0.464853","0.449723","0.480482","0.480546","0.760280","0.771355","0.779233"
"20110623","0.476933","0.454910","0.482718","0.482726","0.763147","0.772873","0.779754"
"20110624","0.479219","0.467264","0.490964","0.494556","0.766854","0.775108","0.780749"
"20110627","0.490920","0.462087","0.488748","0.479002","0.766964","0.775630","0.780960"
"20110628","0.475637","0.459658","0.491448","0.486043","0.768107","0.776649","0.781463"
"20110630","0.482692","0.491810","0.498623","0.517382","0.773627","0.780114","0.783306"
"20110701","0.513485","0.524011","0.529938","0.537865","0.780417","0.784669","0.785880"
"20110704","0.534141","0.527839","0.550944","0.551299","0.786983","0.789525","0.788804"
"20110705","0.547198","0.523269","0.535315","0.532973","0.788578","0.791959","0.790638"
"20110706","0.528925","0.505546","0.525155","0.522223","0.788009","0.793047","0.791821"
"20110707","0.518654","0.508304","0.534824","0.532018","0.789117","0.794760","0.793325"
"20110708","0.528446","0.540133","0.545153","0.567891","0.795302","0.799174","0.796274"
"20110711","0.563327","0.536534","0.563733","0.563060","0.798692","0.802380","0.798729"
"20110712","0.558887","0.531968","0.542586","0.535847","0.796821","0.802718","0.799745"
"20110713","0.532227","0.521740","0.548997","0.552813","0.798149","0.804419","0.801415"
"20110714","0.548879","0.529103","0.562435","0.559875","0.800106","0.806404","0.803239"
"20110715","0.556110","0.544129","0.569113","0.573583","0.803493","0.809179","0.805496"
"20110718","0.570181","0.554022","0.585367","0.577188","0.806298","0.811752","0.807697"
"20110719","0.572985","0.546464","0.570041","0.566173","0.806495","0.812933","0.809202"
"20110720","0.562333","0.551990","0.575078","0.575746","0.808080","0.814703","0.810987"
"20110721","0.571790","0.558730","0.588672","0.585698","0.810648","0.816986","0.813042"
"20110722","0.582820","0.577495","0.600448","0.605413","0.815353","0.820511","0.815775"
"20110725","0.599702","0.573934","0.595648","0.593311","0.816653","0.822378","0.817711"
"20110726","0.588777","0.589327","0.603866","0.618132","0.821287","0.825990","0.820562"
"20110727","0.613793","0.615973","0.628185","0.642960","0.828147","0.831030","0.824241"
"20110728","0.637337","0.612629","0.626791","0.623168","0.829715","0.833492","0.826693"
"20110729","0.619463","0.601574","0.614578","0.615133","0.829540","0.834832","0.828556"
"20110801","0.611453","0.617709","0.629566","0.646726","0.834221","0.838581","0.831640"
"20110802","0.641705","0.619819","0.641877","0.642072","0.836634","0.841258","0.834224"
"20110803","0.637481","0.612777","0.615267","0.622387","0.835255","0.841795","0.835691"
"20110804","0.618198","0.603397","0.616835","0.615802","0.833335","0.841681","0.836726"
"20110805","0.610186","0.584713","0.510442","0.523984","0.818115","0.833877","0.833598"
"20110808","0.519777","0.491757","0.450768","0.495681","0.803670","0.825114","0.829515"
"20110809","0.489671","0.480282","0.379550","0.442223","0.785924","0.813456","0.823454"
"20110810","0.439589","0.485940","0.454789","0.503915","0.783460","0.809098","0.820701"
"20110811","0.500224","0.475931","0.487440","0.506526","0.782214","0.805752","0.818326"
"20110812","0.502480","0.501820","0.514726","0.514780","0.782637","0.803707","0.816543"
"20110815","0.511306","0.516927","0.527722","0.546777","0.787776","0.804721","0.816346"
"20110816","0.542993","0.536054","0.546542","0.541719","0.790435","0.805127","0.815944"
"20110818","0.538251","0.548470","0.555124","0.578971","0.797863","0.808587","0.817230"
"20110819","0.574200","0.547713","0.490352","0.488819","0.789127","0.803846","0.814402"
"20110822","0.485910","0.464331","0.458410","0.485407","0.782786","0.799681","0.811692"
"20110823","0.482216","0.475992","0.487811","0.505786","0.781652","0.797985","0.810142"
"20110824","0.502773","0.486453","0.495886","0.486749","0.778006","0.794998","0.807897"
"20110825","0.483503","0.474610","0.490503","0.481855","0.774832","0.792144","0.805650"
"20110826","0.477266","0.455307","0.473092","0.481486","0.772660","0.789777","0.803600"
"20110905","0.478612","0.493409","0.493889","0.498235","0.773755","0.789248","0.802486"
"20110906","0.494299","0.479593","0.489462","0.509564","0.776205","0.789766","0.801981"
"20110907","0.506291","0.535901","0.522622","0.565893","0.786391","0.794920","0.804017"
"20110908","0.562109","0.544499","0.564921","0.564878","0.793028","0.799052","0.805815"
"20110909","0.560357","0.542954","0.564038","0.553808","0.795771","0.801504","0.806951"
"20110912","0.549139","0.521946","0.505993","0.501263","0.789622","0.799096","0.805653"
"20110913","0.497760","0.487594","0.493712","0.492184","0.784145","0.796364","0.804076"
"20110914","0.488848","0.472023","0.453161","0.453248","0.774581","0.790859","0.800926"
"20110915","0.450207","0.437740","0.418080","0.440337","0.766245","0.785270","0.797504"
"20110916","0.437836","0.445022","0.453007","0.466124","0.764603","0.782863","0.795550"
"20110919","0.462101","0.432456","0.430062","0.426813","0.757540","0.777593","0.792041"
"20110920","0.423571","0.393975","0.397540","0.427000","0.752859","0.773296","0.788875"
"20110921","0.423782","0.393292","0.405391","0.399513","0.745566","0.767472","0.784793"
"20110922","0.395617","0.364100","0.242935","0.236924","0.716017","0.749052","0.773902"
"20110923","0.233910","0.236901","0.184508","0.273119","0.701814","0.737022","0.765651"
"20110926","0.270496","0.240197","0.188870","0.226812","0.685314","0.723289","0.756135"
"20110927","0.225268","0.279572","0.236836","0.303031","0.685887","0.718455","0.750900"
"20110928","0.300910","0.302046","0.303348","0.327527","0.689988","0.716557","0.747248"
"20110929","0.324914","0.318087","0.311879","0.343199","0.695101","0.716320","0.744638"
"20110930","0.340661","0.331693","0.346756","0.347744","0.699200","0.716507","0.742478"
"20111003","0.344559","0.311602","0.252205","0.251917","0.687383","0.708613","0.736280"
"20111004","0.248963","0.219607","0.218483","0.215099","0.673915","0.699062","0.729043"
"20111005","0.213341","0.202626","0.224707","0.226650","0.666690","0.692218","0.723007"
"20111006","0.224936","0.266950","0.236498","0.300334","0.673061","0.692807","0.720808"
"20111007","0.298227","0.310713","0.298540","0.291859","0.676022","0.692576","0.718443"
"20111010","0.288891","0.270521","0.294977","0.306159","0.680167","0.693588","0.716936"
"20111011","0.304127","0.329980","0.317032","0.348402","0.689344","0.697964","0.717443"
"20111012","0.340270","0.371486","0.350247","0.404789","0.704023","0.706280","0.720398"
"20111013","0.402212","0.401826","0.416779","0.421116","0.716288","0.714455","0.723795"
"20111014","0.417818","0.395181","0.415738","0.415225","0.723570","0.720649","0.726607"
"20111017","0.412584","0.417280","0.427327","0.443859","0.732773","0.728122","0.730419"
"20111018","0.440030","0.409763","0.385954","0.394143","0.731359","0.730060","0.731667"
"20111019","0.391577","0.399560","0.405963","0.426013","0.735256","0.734323","0.734207"
"20111020","0.422632","0.391875","0.390146","0.394238","0.733029","0.735142","0.735098"
"20111021","0.391388","0.371601","0.389475","0.391666","0.731154","0.735596","0.735791"
"20111024","0.389055","0.411170","0.403399","0.439983","0.737240","0.740026","0.738557"
"20111025","0.436740","0.422202","0.448512","0.442612","0.741696","0.743870","0.741175"
"20111026","0.439356","0.425449","0.438732","0.457142","0.746873","0.748236","0.744188"
"20111027","0.454424","0.460999","0.469876","0.490563","0.755399","0.754615","0.748393"
"20111028","0.487688","0.491053","0.503703","0.500503","0.762592","0.760669","0.752638"
"20111031","0.497510","0.468862","0.475795","0.479782","0.764241","0.763882","0.755562"
"20111101","0.475902","0.447156","0.436221","0.425491","0.757098","0.761952","0.755803"
"20111102","0.421888","0.435874","0.405608","0.468603","0.758881","0.763993","0.757930"
"20111103","0.465411","0.435859","0.441972","0.439033","0.755581","0.763179","0.758545"
"20111104","0.436247","0.455804","0.451391","0.477715","0.759253","0.765762","0.760814"
"20111107","0.473961","0.448298","0.482320","0.475440","0.761356","0.767685","0.762767"
"20111108","0.472320","0.456934","0.488075","0.486759","0.764477","0.770208","0.765034"
"20111109","0.483793","0.484543","0.499743","0.513989","0.770692","0.774560","0.768292"
"20111110","0.509789","0.481487","0.468491","0.475520","0.768994","0.774889","0.769535"
"20111111","0.472342","0.452251","0.477235","0.470561","0.767109","0.774742","0.770441"
"20111114","0.467468","0.465837","0.483141","0.498108","0.770035","0.776936","0.772480"
"20111115","0.494624","0.465896","0.491804","0.486303","0.770194","0.777739","0.773803"
"20111116","0.482888","0.457719","0.477245","0.487126","0.770424","0.778465","0.775035"
"20111117","0.483426","0.454382","0.481730","0.474001","0.768585","0.777957","0.775570"
"20111118","0.470550","0.441143","0.458813","0.450729","0.763825","0.775587","0.775023"
"20111121","0.447309","0.417247","0.418760","0.412479","0.754845","0.770435","0.772834"
"20111122","0.409404","0.407581","0.419134","0.440991","0.753187","0.768615","0.772117"
"20111123","0.437236","0.406891","0.420467","0.418602","0.748682","0.765245","0.770476"
"20111124","0.415153","0.393313","0.413771","0.424237","0.746535","0.762961","0.769242"
"20111125","0.421204","0.390407","0.401448","0.394619","0.740606","0.758606","0.766813"
"20111128","0.392159","0.383877","0.395133","0.398900","0.737304","0.755401","0.764806"
"20111129","0.396076","0.402978","0.410307","0.422443","0.738677","0.754757","0.764032"
"20111130","0.419590","0.406422","0.423987","0.431982","0.741040","0.755030","0.763754"
"20111201","0.429070","0.449193","0.444092","0.463619","0.747420","0.757911","0.764903"
"20111202","0.460517","0.434256","0.465464","0.464639","0.751827","0.760354","0.765988"
"20111205","0.461754","0.438979","0.467896","0.464926","0.754809","0.762377","0.766982"
"20111206","0.461129","0.431906","0.456249","0.451986","0.754833","0.762945","0.767309"
"20111207","0.449160","0.436728","0.463449","0.469593","0.757521","0.764888","0.768384"
"20111208","0.466283","0.436756","0.466313","0.461744","0.758122","0.765819","0.769009"
"20111209","0.457969","0.428207","0.445895","0.449564","0.756673","0.765558","0.769035"
"20111212","0.447237","0.438938","0.462567","0.466336","0.758254","0.766753","0.769801"
"20111213","0.462538","0.432905","0.449268","0.446788","0.756340","0.766089","0.769629"
"20111214","0.443449","0.415177","0.449692","0.442759","0.754452","0.765207","0.769295"
"20111215","0.439274","0.408986","0.409685","0.416185","0.749159","0.762254","0.767817"
"20111216","0.413373","0.423905","0.428129","0.449187","0.750641","0.762610","0.767940"
"20111219","0.445888","0.422064","0.455432","0.453497","0.752283","0.763262","0.768242"
"20111220","0.450566","0.433476","0.453791","0.445985","0.752237","0.763166","0.768183"
"20111221","0.443045","0.445226","0.458304","0.465989","0.755244","0.764766","0.769015"
"20111222","0.461050","0.442336","0.473012","0.468316","0.757602","0.766272","0.769871"
"20111223","0.465188","0.451571","0.472697","0.469346","0.759330","0.767590","0.770691"
"20111227","0.465867","0.442216","0.461274","0.465922","0.759962","0.768380","0.771282"
"20111228","0.462647","0.433017","0.450226","0.450150","0.757989","0.767703","0.771117"
"20111229","0.446847","0.438877","0.441894","0.468645","0.759482","0.768702","0.771788"
"20111230","0.465398","0.445917","0.480525","0.474629","0.761386","0.770021","0.772659"
"20120102","0.471004","0.443682","0.472583","0.467897","0.761633","0.770536","0.773150"
"20120103","0.464258","0.460303","0.479877","0.492476","0.765529","0.773021","0.774681"
"20120104","0.489083","0.493985","0.505123","0.520365","0.772361","0.777397","0.777302"
"20120105","0.516745","0.498777","0.525634","0.519981","0.776857","0.780944","0.779656"
"20120106","0.516418","0.488453","0.501412","0.498126","0.776537","0.782011","0.780818"
"20120109","0.494190","0.478859","0.499183","0.510295","0.778171","0.783907","0.782409"
"20120110","0.506454","0.504685","0.521616","0.534502","0.782935","0.787490","0.784919"
"20120111","0.530796","0.513157","0.529393","0.519569","0.783844","0.789168","0.786530"
"20120112","0.516123","0.492478","0.518525","0.515506","0.783834","0.790200","0.787807"
"20120113","0.511576","0.500517","0.527997","0.525877","0.785401","0.791915","0.789422"
"20120116","0.522110","0.494155","0.516480","0.510969","0.784182","0.792066","0.790222"
"20120117","0.507577","0.499511","0.523930","0.530629","0.786355","0.793841","0.791817"
"20120118","0.526775","0.512648","0.539316","0.543721","0.789791","0.796392","0.793840"
"20120119","0.540127","0.539001","0.557032","0.555465","0.793865","0.799466","0.796190"
"20120120","0.552032","0.538868","0.552539","0.550344","0.795804","0.801551","0.798090"
"20120124","0.546766","0.550678","0.563423","0.555140","0.797824","0.803660","0.800020"
"20120125","0.551591","0.525744","0.543093","0.537084","0.796430","0.803869","0.800968"
"20120126","0.533417","0.514924","0.541843","0.545839","0.796829","0.804775","0.802213"
"20120127","0.542064","0.519828","0.551849","0.547253","0.797310","0.805635","0.803402"
"20120130","0.543244","0.515885","0.513755","0.508210","0.791703","0.803060","0.802749"
"20120131","0.504270","0.491188","0.513740","0.521150","0.789930","0.802040","0.802732"
"20120201","0.517526","0.497288","0.527008","0.528289","0.789831","0.801805","0.803032"
"20120202","0.524846","0.520618","0.541492","0.548366","0.792814","0.803298","0.804192"
"20120203","0.544347","0.524164","0.555066","0.548511","0.794824","0.804532","0.805248"
"20120206","0.544550","0.531614","0.530382","0.525316","0.792643","0.803594","0.805177"
"20120207","0.521837","0.501173","0.514738","0.516349","0.789827","0.802074","0.804715"
"20120208","0.512811","0.503283","0.524800","0.533093","0.790492","0.802236","0.805039"
"20120209","0.529269","0.501517","0.527606","0.526922","0.789999","0.801850","0.805059"
"20120210","0.522977","0.495285","0.494590","0.489203","0.783943","0.798367","0.803407"
"20120213","0.485774","0.484786","0.498341","0.516307","0.784021","0.797793","0.803112"
"20120214","0.513222","0.486613","0.515860","0.511208","0.783299","0.796896","0.802620"
"20120215","0.507245","0.485165","0.515916","0.508774","0.782448","0.795957","0.802066"
"20120216","0.504826","0.476384","0.500237","0.494701","0.779744","0.794007","0.800943"
"20120217","0.491577","0.490340","0.507659","0.521747","0.782047","0.794683","0.801124"
"20120220","0.518232","0.500877","0.527389","0.525805","0.784199","0.795577","0.801467"
"20120221","0.522040","0.506151","0.536220","0.531801","0.786544","0.796811","0.802043"
"20120222","0.527883","0.500092","0.529714","0.525703","0.787182","0.797310","0.802294"
"20120223","0.521763","0.493798","0.513652","0.503214","0.784192","0.795829","0.801525"
"20120224","0.499471","0.471383","0.461062","0.469997","0.777156","0.791827","0.799360"
"20120227","0.466397","0.437238","0.451880","0.454118","0.770054","0.787220","0.796697"
"20120228","0.450960","0.449656","0.466354","0.476647","0.768740","0.785342","0.795286"
"20120229","0.473406","0.492019","0.489179","0.522682","0.774854","0.787672","0.796046"
"20120301","0.518877","0.490832","0.514461","0.506843","0.776524","0.788248","0.796034"
"20120302","0.503645","0.497347","0.518984","0.528773","0.780968","0.790561","0.796993"
"20120305","0.524975","0.497102","0.519614","0.517269","0.782184","0.791488","0.797352"
"20120306","0.513269","0.485066","0.502990","0.506359","0.781338","0.791329","0.797193"
"20120307","0.502076","0.473558","0.494950","0.488271","0.778027","0.789681","0.796249"
"20120308","0.485132","0.472286","0.501034","0.502456","0.777974","0.789523","0.796023"
"20120309","0.499287","0.486952","0.515500","0.513895","0.779675","0.790355","0.796324"
"20120312","0.505604","0.492381","0.517300","0.514211","0.780858","0.791062","0.796611"
"20120313","0.510969","0.495234","0.527379","0.523365","0.783036","0.792409","0.797276"
"20120314","0.519955","0.518737","0.536518","0.545792","0.787893","0.795395","0.798871"
"20120315","0.542185","0.521260","0.544752","0.535670","0.789594","0.796988","0.799865"
"20120316","0.532239","0.515378","0.535517","0.527588","0.789501","0.797612","0.800407"
"20120319","0.524098","0.504066","0.532093","0.525805","0.789168","0.797973","0.800819"
"20120320","0.522377","0.498611","0.526464","0.523233","0.788556","0.798053","0.801077"
"20120321","0.519596","0.500808","0.531325","0.531063","0.789337","0.798776","0.801658"
"20120322","0.527435","0.503316","0.536929","0.532756","0.790114","0.799509","0.802258"
"20120326","0.529118","0.514317","0.530674","0.528509","0.789988","0.799752","0.802613"
"20120327","0.525179","0.522318","0.541830","0.550606","0.793258","0.801807","0.803912"
"20120328","0.546687","0.526590","0.554279","0.555886","0.796240","0.803932","0.805321"
"20120329","0.551878","0.531540","0.553916","0.562000","0.799157","0.806184","0.806867"
"20120330","0.558126","0.548534","0.571453","0.572019","0.802622","0.808868","0.808709"
"20120402","0.568198","0.563677","0.585508","0.591951","0.807959","0.812738","0.811259"
"20120403","0.588179","0.602849","0.605898","0.619621","0.815718","0.818228","0.814790"
"20120404","0.615107","0.589773","0.580977","0.571595","0.813599","0.818686","0.815859"
"20120405","0.566924","0.560560","0.570641","0.587277","0.814567","0.820378","0.817520"
"20120409","0.582792","0.556548","0.585465","0.576267","0.813541","0.820838","0.818536"
"20120410","0.573706","0.552943","0.581257","0.569844","0.811881","0.820675","0.819171"
"20120411","0.565751","0.539128","0.562851","0.561187","0.809460","0.819814","0.819362"
"20120412","0.557374","0.539302","0.564626","0.563803","0.808244","0.819330","0.819650"
"20120413","0.560029","0.547101","0.574556","0.571348","0.808579","0.819567","0.820245"
"20120416","0.567417","0.541407","0.567664","0.559645","0.807025","0.818779","0.820266"
"20120417","0.556011","0.542806","0.569620","0.563165","0.806523","0.818429","0.820440"
"20120418","0.559687","0.547932","0.574707","0.566741","0.806732","0.818443","0.820756"
"20120419","0.562895","0.536610","0.568536","0.563105","0.806319","0.818149","0.820880"
"20120420","0.559281","0.543306","0.575287","0.573296","0.807591","0.818765","0.821445"
"20120423","0.569353","0.546732","0.564041","0.562037","0.806729","0.818323","0.821457"
"20120424","0.558245","0.540372","0.569345","0.565579","0.806693","0.818259","0.821624"
"20120425","0.561398","0.534551","0.566196","0.560675","0.805924","0.817795","0.821559"
"20120426","0.556866","0.552299","0.573820","0.571134","0.806999","0.818293","0.821963"
"20120427","0.567377","0.545315","0.572000","0.561641","0.806275","0.817904","0.821908"
"20120430","0.557769","0.538399","0.562276","0.569086","0.806922","0.818210","0.822188"
"20120501","0.565340","0.546349","0.576152","0.576681","0.808507","0.819099","0.822777"
"20120502","0.572945","0.557899","0.587746","0.586875","0.811111","0.820682","0.823762"
"20120503","0.582331","0.557542","0.588914","0.585055","0.812571","0.821825","0.824572"
"20120504","0.581097","0.562326","0.589141","0.581161","0.812953","0.822433","0.825133"
"20120507","0.576942","0.550532","0.553883","0.557510","0.809617","0.820944","0.824593"
"20120508","0.553777","0.537405","0.568316","0.565948","0.808674","0.820434","0.824478"
"20120509","0.561425","0.534579","0.547210","0.539177","0.803981","0.817769","0.823189"
"20120510","0.535102","0.514376","0.544454","0.540641","0.801074","0.815711","0.822088"
"20120511","0.536669","0.509125","0.537161","0.532093","0.797838","0.813310","0.820713"
"20120514","0.528615","0.504066","0.518265","0.507928","0.792012","0.809316","0.818399"
"20120515","0.488915","0.489937","0.498177","0.506566","0.787922","0.805933","0.816245"
"20120516","0.478627","0.449447","0.465343","0.478421","0.780921","0.800802","0.813050"
"20120521","0.460772","0.431595","0.452934","0.453462","0.772465","0.794508","0.809055"
"20120522","0.466045","0.458873","0.480464","0.488814","0.772194","0.792327","0.807005"
"20120523","0.473007","0.445063","0.468055","0.475577","0.770005","0.789431","0.804564"
"20120524","0.469853","0.447831","0.476385","0.476118","0.768627","0.787107","0.802380"
"20120525","0.462255","0.433723","0.441180","0.435643","0.761563","0.781806","0.798612"
"20120528","0.416385","0.417288","0.418975","0.442530","0.757899","0.778048","0.795508"
"20120529","0.433537","0.414989","0.440976","0.443243","0.755565","0.775032","0.792730"
"20120530","0.435558","0.421420","0.442726","0.450809","0.755158","0.773201","0.790553"
"20120531","0.422969","0.394342","0.407365","0.405257","0.747970","0.767876","0.786566"
"20120601","0.394410","0.377362","0.398771","0.394617","0.741563","0.762627","0.782487"
"20120604","0.347590","0.329417","0.332625","0.330486","0.727554","0.752946","0.775958"
"20120605","0.354790","0.336599","0.366685","0.362500","0.723076","0.747713","0.771468"
"20120606","0.370936","0.389252","0.384474","0.422815","0.729248","0.748498","0.770076"
"20120607","0.442174","0.425908","0.426813","0.423770","0.733508","0.749220","0.768859"
"20120608","0.410105","0.392398","0.420661","0.420455","0.735844","0.749532","0.767611"
"20120611","0.436698","0.416666","0.440149","0.436152","0.739785","0.751106","0.767176"
"20120612","0.416903","0.400516","0.425860","0.432740","0.741894","0.752107","0.766632"
"20120613","0.436155","0.412463","0.441065","0.435207","0.743675","0.753133","0.766250"
"20120614","0.430322","0.401798","0.410332","0.403571","0.740059","0.751316","0.764502"
"20120615","0.412939","0.392431","0.409211","0.416619","0.739629","0.750925","0.763499"
"20120618","0.440149","0.425982","0.443805","0.435436","0.742200","0.752186","0.763425"
"20120619","0.431589","0.417922","0.442166","0.446982","0.745667","0.754187","0.763869"
"20120620","0.447983","0.447311","0.462648","0.479084","0.752852","0.758520","0.765692"
"20120621","0.475441","0.446944","0.458634","0.459713","0.754701","0.760438","0.766483"
"20120622","0.432085","0.420117","0.439663","0.450552","0.754542","0.761238","0.766794"
"20120625","0.447894","0.421547","0.441665","0.433703","0.751879","0.760478","0.766329"
"20120626","0.428554","0.422039","0.441833","0.447953","0.752266","0.761053","0.766539"
"20120627","0.449438","0.446340","0.463845","0.472324","0.756225","0.763570","0.767808"
"20120628","0.476083","0.450513","0.457903","0.447731","0.755131","0.763564","0.767868"
"20120629","0.454684","0.458810","0.470140","0.477837","0.758972","0.766087","0.769255"
"20120702","0.487799","0.469933","0.498144","0.498597","0.764684","0.769895","0.771428"
"20120703","0.504297","0.500474","0.518722","0.529883","0.773243","0.775638","0.774780"
"20120704","0.532465","0.521834","0.548854","0.541544","0.780719","0.781317","0.778329"
"20120705","0.544342","0.517208","0.543032","0.534642","0.784656","0.785383","0.781235"
"20120706","0.530920","0.506084","0.530190","0.527082","0.786132","0.788075","0.783529"
"20120709","0.510760","0.483858","0.499561","0.492194","0.781819","0.787347","0.784059"
"20120710","0.490095","0.474651","0.501059","0.505544","0.780971","0.787873","0.785131"
"20120711","0.500504","0.484582","0.514423","0.513453","0.781606","0.788968","0.786450"
"20120712","0.506020","0.477751","0.496808","0.492975","0.778921","0.788144","0.786737"
"20120713","0.489877","0.480901","0.505481","0.508736","0.779523","0.788793","0.787695"
"20120716","0.515414","0.498606","0.530495","0.519414","0.781546","0.790221","0.789034"
"20120717","0.526279","0.507838","0.539029","0.533929","0.785099","0.792608","0.790888"
"20120718","0.529061","0.514942","0.544175","0.535495","0.787705","0.794693","0.792635"
"20120719","0.538945","0.516089","0.542589","0.541023","0.790281","0.796863","0.794461"
"20120720","0.537259","0.515028","0.535651","0.529731","0.790285","0.797690","0.795612"
"20120723","0.503103","0.478207","0.504654","0.496878","0.785299","0.795608","0.795200"
"20120724","0.494622","0.477720","0.493912","0.486088","0.780337","0.792998","0.794349"
"20120725","0.473686","0.460494","0.484125","0.487864","0.777298","0.791012","0.793657"
"20120726","0.482995","0.463433","0.489671","0.492399","0.775961","0.789768","0.793233"
"20120727","0.507057","0.510114","0.523401","0.537860","0.781972","0.792567","0.794861"
"20120730","0.545750","0.525354","0.549819","0.546435","0.787281","0.795578","0.796714"
"20120731","0.548851","0.547578","0.563872","0.572566","0.794788","0.800236","0.799548"
"20120801","0.560674","0.537640","0.564126","0.566889","0.798931","0.803571","0.801860"
"20120802","0.561700","0.546831","0.555267","0.545961","0.798515","0.804541","0.803025"
"20120803","0.531723","0.521077","0.542559","0.550082","0.798864","0.805682","0.804262"
"20120806","0.571324","0.546765","0.560345","0.550072","0.799095","0.806614","0.805381"
"20120807","0.549409","0.527187","0.549030","0.538965","0.797562","0.806443","0.805901"
"20120808","0.536379","0.516902","0.549370","0.543614","0.797246","0.806695","0.806578"
"20120809","0.545423","0.537444","0.560973","0.565602","0.800374","0.808747","0.808163"
"20120810","0.563059","0.550206","0.576228","0.574352","0.803788","0.811160","0.809986"
"20120813","0.574701","0.551356","0.561182","0.555751","0.803240","0.811573","0.810811"
"20120814","0.560914","0.535376","0.560831","0.565599","0.804370","0.812738","0.811993"
"20120815","0.557997","0.549067","0.569537","0.579176","0.807184","0.814831","0.813664"
"20120816","0.576094","0.560700","0.588377","0.587030","0.810253","0.817204","0.815523"
"20120823","0.578231","0.570118","0.585974","0.585905","0.812128","0.819050","0.817156"
"20120824","0.571597","0.553275","0.579233","0.573780","0.811537","0.819543","0.818096"
"20120827","0.569777","0.548358","0.582780","0.573658","0.811125","0.819935","0.818942"
"20120828","0.572365","0.552627","0.574097","0.570500","0.810370","0.819991","0.819567"
"20120829","0.561643","0.536969","0.548831","0.546261","0.806187","0.818001","0.819059"
"20120830","0.524393","0.500308","0.515958","0.512650","0.798295","0.813551","0.817112"
"20120831","0.496062","0.504430","0.499435","0.529569","0.795602","0.811330","0.816099"
"20120903","0.521138","0.527712","0.534231","0.557507","0.798049","0.811860","0.816419"
"20120904","0.554915","0.532417","0.562425","0.551601","0.798784","0.811797","0.816448"
"20120905","0.536793","0.524368","0.544111","0.535178","0.796780","0.810366","0.815747"
"20120906","0.536649","0.520934","0.551919","0.549521","0.797622","0.810400","0.815747"
"20120907","0.563793","0.544688","0.574216","0.569413","0.801203","0.812099","0.816628"
"20120910","0.571232","0.553086","0.577554","0.579874","0.805179","0.814367","0.817889"
"20120911","0.570665","0.548289","0.578713","0.576826","0.807367","0.815966","0.818894"
"20120912","0.579738","0.558536","0.580413","0.583645","0.809861","0.817848","0.820106"
"20120913","0.579212","0.558523","0.589214","0.580343","0.811022","0.819110","0.821055"
"20120914","0.598259","0.603407","0.615675","0.621856","0.818099","0.823629","0.823753"
"20120917","0.623082","0.602224","0.627829","0.622699","0.822945","0.827397","0.826231"
"20120918","0.613401","0.589842","0.611745","0.609479","0.824169","0.829370","0.827887"
"20120919","0.600436","0.595080","0.616847","0.618174","0.826305","0.831715","0.829771"
"20120920","0.606341","0.583339","0.611636","0.604196","0.825606","0.832459","0.830856"
"20120921","0.605545","0.587038","0.613560","0.616468","0.827004","0.834098","0.832382"
"20120924","0.599211","0.584285","0.600614","0.591722","0.824178","0.833361","0.832666"
"20120925","0.592173","0.578399","0.600438","0.605027","0.824315","0.833876","0.833513"
"20120926","0.593737","0.570567","0.583556","0.583082","0.821074","0.832454","0.833307"
"20120927","0.582195","0.583130","0.595824","0.603680","0.822041","0.833020","0.834033"
"20120928","0.606891","0.591264","0.621080","0.619967","0.825158","0.834852","0.835411"
"20121001","0.607556","0.582009","0.609743","0.605560","0.825049","0.835140","0.836019"
"20121002","0.607191","0.592916","0.624189","0.617313","0.826761","0.836363","0.837091"
"20121003","0.619988","0.594792","0.625578","0.617146","0.827877","0.837350","0.838052"
"20121004","0.615675","0.604574","0.629849","0.631431","0.830789","0.839357","0.839555"
"20121005","0.635041","0.631922","0.653325","0.652546","0.835937","0.842772","0.841849"
"20121008","0.648624","0.633520","0.636847","0.638076","0.837172","0.844351","0.843284"
"20121009","0.636529","0.621229","0.649790","0.644783","0.839013","0.846206","0.844880"
"20121010","0.629543","0.616891","0.640294","0.645686","0.840378","0.847800","0.846363"
"20121011","0.634139","0.615925","0.647373","0.644980","0.841181","0.849045","0.847674"
"20121012","0.646591","0.632796","0.663662","0.655407","0.843299","0.850939","0.849322"
"20121015","0.649261","0.630028","0.660092","0.656948","0.844945","0.852618","0.850881"
"20121016","0.656926","0.637652","0.664809","0.665633","0.847361","0.854721","0.852676"
"20121017","0.667398","0.649805","0.675223","0.669567","0.849569","0.856772","0.854474"
"20121018","0.671498","0.655242","0.684677","0.679469","0.852545","0.859282","0.856539"
"20121019","0.676504","0.653819","0.676567","0.666184","0.852511","0.860220","0.857820"
"20121022","0.649745","0.643407","0.665295","0.671171","0.853246","0.861406","0.859199"
"20121023","0.667691","0.648319","0.667728","0.661592","0.852282","0.861572","0.860023"
"20121024","0.650967","0.640397","0.666173","0.662630","0.851796","0.861795","0.860814"
"20121025","0.659445","0.641207","0.672521","0.664438","0.851747","0.862129","0.861610"
"20121029","0.653664","0.636683","0.665643","0.659303","0.850935","0.861972","0.862103"
"20121030","0.654611","0.649787","0.672410","0.676010","0.852930","0.863246","0.863289"
"20121031","0.667319","0.646695","0.668162","0.668225","0.853078","0.863634","0.864017"
"20121101","0.651929","0.631748","0.656444","0.659662","0.851876","0.863233","0.864296"
"20121102","0.657571","0.636650","0.667731","0.660839","0.851254","0.863003","0.864601"
"20121105","0.649331","0.627122","0.648971","0.642703","0.848086","0.861293","0.864075"
"20121106","0.639960","0.620212","0.651164","0.647091","0.846640","0.860261","0.863792"
"20121107","0.646797","0.639561","0.663225","0.667945","0.848842","0.861169","0.864460"
"20121108","0.639687","0.628223","0.651321","0.657015","0.848651","0.860994","0.864580"
"20121109","0.640825","0.629085","0.657051","0.657858","0.848651","0.860921","0.864726"
"20121112","0.650488","0.632258","0.658912","0.648106","0.847171","0.860043","0.864426"
"20121113","0.644873","0.628338","0.661637","0.652064","0.846785","0.859656","0.864331"
"20121114","0.651748","0.640353","0.660372","0.661133","0.847905","0.860102","0.864646"
"20121119","0.650823","0.628014","0.644526","0.639605","0.845382","0.858659","0.863977"
"20121120","0.644838","0.629327","0.641872","0.639964","0.843755","0.857508","0.863389"
"20121121","0.636742","0.613103","0.643185","0.640054","0.842684","0.856574","0.862860"
"20121122","0.630014","0.625302","0.648442","0.651570","0.843719","0.856777","0.862891"
"20121123","0.646420","0.630283","0.658435","0.656467","0.845152","0.857354","0.863137"
"20121126","0.654497","0.643471","0.670574","0.670482","0.848235","0.859003","0.863979"
"20121127","0.665293","0.647799","0.660006","0.647495","0.846801","0.858422","0.863724"
"20121128","0.633127","0.610039","0.626095","0.630199","0.843218","0.856494","0.862727"
"20121129","0.634669","0.611372","0.635516","0.636629","0.841806","0.855457","0.862109"
"20121130","0.628231","0.609234","0.611858","0.607586","0.836455","0.852169","0.860265"
"20121203","0.604038","0.596270","0.614848","0.624694","0.835486","0.850916","0.859354"
"20121204","0.607407","0.583436","0.606488","0.603512","0.831623","0.848111","0.857592"
"20121205","0.595126","0.584007","0.608835","0.609781","0.830000","0.846343","0.856275"
"20121206","0.611371","0.591878","0.621285","0.610746","0.829064","0.844978","0.855126"
"20121207","0.602454","0.583615","0.612163","0.609092","0.828189","0.843722","0.854014"
"20121210","0.607836","0.598493","0.621950","0.619673","0.829213","0.843583","0.853475"
"20121211","0.614490","0.605533","0.630386","0.631883","0.831749","0.844494","0.853529"
"20121212","0.629612","0.619756","0.642863","0.647190","0.835763","0.846526","0.854255"
"20121213","0.638693","0.616965","0.640616","0.637253","0.836931","0.847353","0.854472"
"20121214","0.632979","0.608553","0.630265","0.630217","0.836641","0.847439","0.854357"
"20121217","0.623707","0.608619","0.635115","0.634392","0.837082","0.847860","0.854438"
"20121218","0.632696","0.612295","0.628379","0.629872","0.836690","0.847825","0.854311"
"20121219","0.628665","0.604839","0.622086","0.619918","0.834917","0.846961","0.853755"
"20121220","0.610355","0.585287","0.603276","0.606453","0.831690","0.845122","0.852657"
"20121221","0.601058","0.590084","0.612012","0.605368","0.829375","0.843527","0.851614"
"20121226","0.602201","0.584869","0.614551","0.614532","0.829222","0.842992","0.851077"
"20121227","0.610863","0.591707","0.623710","0.615562","0.829277","0.842640","0.850637"
"20121228","0.622148","0.607959","0.633335","0.628119","0.831220","0.843407","0.850794"
"20130102","0.627530","0.627198","0.642502","0.647442","0.835449","0.845657","0.851792"
"20130103","0.649301","0.649708","0.668056","0.673246","0.842187","0.849665","0.853837"
"20130104","0.673509","0.652420","0.680283","0.675097","0.846959","0.853100","0.855770"
"20130107","0.669019","0.658226","0.680603","0.667085","0.848924","0.855238","0.857163"
"20130108","0.664024","0.650860","0.676917","0.670969","0.850824","0.857313","0.858596"
"20130109","0.670690","0.650095","0.660006","0.651979","0.849208","0.857416","0.859052"
"20130110","0.651200","0.630030","0.631213","0.625285","0.844077","0.855258","0.858282"
"20130111","0.625973","0.612996","0.634132","0.620229","0.839889","0.853068","0.857362"
"20130114","0.626253","0.635408","0.638995","0.664047","0.843749","0.854956","0.858470"
"20130115","0.663238","0.648270","0.673388","0.676633","0.848234","0.857558","0.860029"
"20130116","0.669294","0.654632","0.682739","0.682859","0.852169","0.860210","0.861715"
"20130117","0.675740","0.658879","0.681702","0.671161","0.853017","0.861397","0.862723"
"20130118","0.672225","0.679946","0.688260","0.707630","0.859119","0.865431","0.865250"
"20130121","0.701512","0.682808","0.700099","0.690372","0.860566","0.867282","0.866771"
"20130122","0.677418","0.661114","0.683139","0.678549","0.859736","0.867804","0.867625"
"20130123","0.679431","0.664211","0.676892","0.678436","0.859166","0.868221","0.868392"
"20130125","0.678658","0.661392","0.687156","0.686553","0.860018","0.869244","0.869445"
"20130128","0.681739","0.660745","0.674538","0.677157","0.859160","0.869292","0.869983"
"20130129","0.681734","0.662325","0.693592","0.684503","0.859703","0.869948","0.870794"
"20130130","0.683604","0.666900","0.695899","0.693213","0.861387","0.871217","0.871913"
"20130131","0.686618","0.668669","0.695258","0.693505","0.862554","0.872279","0.872939"
"20130201","0.691802","0.700701","0.710143","0.705789","0.865198","0.874180","0.874411"
"20130204","0.711114","0.697322","0.714073","0.710840","0.867727","0.876159","0.875967"
"20130205","0.695178","0.684590","0.710453","0.707455","0.868899","0.877495","0.877224"
"20130206","0.711632","0.693039","0.722726","0.714938","0.870816","0.879215","0.878693"
"20130207","0.711401","0.695716","0.726122","0.716298","0.872301","0.880738","0.880082"
"20130208","0.719825","0.703194","0.725842","0.712434","0.872704","0.881659","0.881168"
"20130211","0.715921","0.696970","0.729770","0.718620","0.873912","0.882932","0.882424"
"20130212","0.715132","0.716336","0.733387","0.741575","0.878203","0.885901","0.884577"
"20130213","0.739410","0.734153","0.757093","0.752515","0.882724","0.889249","0.887010"
"20130214","0.752234","0.736060","0.764984","0.755972","0.886264","0.892279","0.889363"
"20130215","0.750839","0.743579","0.770236","0.764739","0.889954","0.895494","0.891881"
"20130218","0.760428","0.746814","0.775215","0.763225","0.892185","0.897998","0.894092"
"20130219","0.757111","0.739529","0.762223","0.756892","0.892710","0.899514","0.895812"
"20130220","0.758211","0.741504","0.770548","0.767683","0.894699","0.901661","0.897846"
"20130221","0.753992","0.751318","0.773289","0.766974","0.895917","0.903358","0.899655"
"20130222","0.760076","0.749717","0.777804","0.775906","0.898085","0.905497","0.901687"
"20130225","0.777186","0.778668","0.792706","0.804237","0.903832","0.909626","0.904779"
"20130226","0.791773","0.771602","0.790702","0.787061","0.905056","0.911562","0.906817"
"20130227","0.788967","0.789878","0.808291","0.811415","0.909569","0.915191","0.909739"
"20130228","0.820210","0.827747","0.834740","0.851863","0.918719","0.921557","0.914173"
"20130301","0.847837","0.840178","0.858973","0.859912","0.926042","0.927442","0.918542"
"20130304","0.854585","0.844231","0.840624","0.835421","0.927204","0.930200","0.921410"
"20130305","0.832013","0.819412","0.841610","0.827369","0.926757","0.931780","0.923648"
"20130306","0.833102","0.845095","0.853936","0.863487","0.931943","0.936106","0.927272"
"20130307","0.856821","0.848531","0.872161","0.870748","0.936502","0.940256","0.930873"
"20130308","0.868475","0.876276","0.890323","0.883142","0.941424","0.944692","0.934679"
"20130311","0.878171","0.864253","0.881458","0.869233","0.942593","0.947153","0.937507"
"20130313","0.861227","0.852283","0.864668","0.859356","0.941873","0.948337","0.939629"
"20130314","0.850408","0.831723","0.839354","0.831530","0.937168","0.946969","0.940316"
"20130315","0.836629","0.842867","0.858559","0.844393","0.935984","0.946930","0.941508"
"20130318","0.834296","0.823388","0.845256","0.840581","0.934616","0.946578","0.942417"
"20130319","0.842869","0.834991","0.862028","0.845715","0.934484","0.946721","0.943467"
"20130320","0.847916","0.832279","0.852784","0.848828","0.934868","0.947100","0.944555"
"20130321","0.844547","0.835029","0.837564","0.830382","0.932324","0.945860","0.944722"
"20130322","0.822652","0.809859","0.802995","0.787298","0.924086","0.941228","0.942966"
"20130325","0.801600","0.795468","0.817491","0.815164","0.922825","0.939778","0.942612"
"20130326","0.811742","0.824222","0.829864","0.837147","0.925322","0.940438","0.943264"
"20130327","0.838955","0.851977","0.860543","0.875976","0.932882","0.944239","0.945573"
"20130328","0.865915","0.858247","0.877687","0.882112","0.938854","0.947864","0.947933"
"20130401","0.867623","0.861326","0.885714","0.873753","0.941566","0.950128","0.949699"
"20130402","0.872459","0.864426","0.891795","0.882473","0.944698","0.952713","0.951683"
"20130403","0.885983","0.875121","0.892801","0.898624","0.949238","0.956184","0.954193"
"20130404","0.885854","0.868912","0.881837","0.865302","0.947206","0.956226","0.954989"
"20130405","0.865476","0.855604","0.874268","0.866622","0.946051","0.956370","0.955767"
"20130408","0.859779","0.847035","0.855774","0.853657","0.943313","0.955400","0.955897"
"20130409","0.855646","0.846907","0.864244","0.858051","0.942155","0.954975","0.956209"
"20130410","0.858187","0.840104","0.856106","0.847176","0.939731","0.953714","0.956010"
"20130411","0.847537","0.846255","0.866236","0.870376","0.941638","0.954631","0.956858"
"20130412","0.865562","0.857669","0.884708","0.875260","0.943651","0.955791","0.957840"
"20130415","0.859937","0.843387","0.866223","0.853993","0.941764","0.954955","0.957788"
"20130416","0.840048","0.862198","0.853711","0.885978","0.945362","0.956956","0.959157"
"20130417","0.887101","0.890208","0.907940","0.909606","0.951348","0.960578","0.961441"
"20130418","0.893246","0.891179","0.913201","0.913729","0.955965","0.963888","0.963690"
"20130419","0.902709","0.896876","0.917069","0.907259","0.958061","0.966052","0.965439"
"20130422","0.904729","0.898971","0.912236","0.908302","0.959616","0.967911","0.967067"
"20130423","0.902595","0.885987","0.911111","0.897337","0.958988","0.968511","0.968055"
"20130424","0.903086","0.893397","0.919146","0.916508","0.961480","0.970611","0.969797"
"20130425","0.904754","0.894082","0.909054","0.909432","0.962067","0.971736","0.971061"
"20130426","0.901891","0.888577","0.911590","0.894740","0.960228","0.971422","0.971553"
"20130429","0.893621","0.887723","0.913307","0.910956","0.961464","0.972527","0.972717"
"20130430","0.905416","0.909860","0.917939","0.932619","0.965577","0.975251","0.974728"
"20130501","0.917801","0.919798","0.936093","0.939895","0.969424","0.978090","0.976871"
"20130502","0.925519","0.918320","0.923402","0.908107","0.967162","0.977744","0.977402"
"20130503","0.900636","0.887779","0.880117","0.873985","0.960473","0.974594","0.976371"
"20130506","0.873136","0.885742","0.895685","0.904732","0.960683","0.974600","0.976800"
"20130507","0.898502","0.902468","0.917785","0.924447","0.963815","0.976260","0.978061"
"20130508","0.918597","0.921463","0.940043","0.938231","0.967997","0.978776","0.979813"
"20130510","0.933013","0.928959","0.947864","0.943477","0.971581","0.981276","0.981629"
"20130513","0.934704","0.918547","0.922015","0.917541","0.970032","0.981142","0.982125"
"20130514","0.908245","0.909215","0.926707","0.931988","0.971193","0.982246","0.983212"
"20130515","0.928102","0.919890","0.944102","0.932038","0.971975","0.983154","0.984199"
"20130516","0.926895","0.921950","0.945875","0.930005","0.972187","0.983726","0.985001"
"20130517","0.923109","0.954734","0.944897","0.964815","0.977614","0.987117","0.987268"
"20130520","0.970405","0.995996","0.994602","1.000000","0.986574","0.992847","0.990877"
"20130521","1.000000","1.000000","0.990475","0.987157","0.990598","0.996456","0.993574"
"20130522","0.980480","0.985265","1.000000","0.990133","0.993732","0.999659","0.996146"
"20130523","0.980678","0.968258","0.955246","0.951957","0.990025","0.999073","0.996782"
"20130524","0.952047","0.953008","0.973372","0.963845","0.989359","0.999593","0.997885"
"20130527","0.951289","0.938403","0.936416","0.921991","0.982560","0.996503","0.997029"
"20130528","0.907831","0.954033","0.930968","0.968657","0.985113","0.997893","0.998321"
"20130529","0.970464","0.973713","0.972961","0.980190","0.988565","1.000000","1.000000"
"20130530","0.959958","0.944339","0.944221","0.934218","0.983887","0.997863","0.999484"
"20130531","0.931501","0.920018","0.905373","0.888589","0.973841","0.992282","0.996997"
"20130603","0.873250","0.858033","0.861297","0.849287","0.961176","0.984415","0.993007"
"20130604","0.843982","0.857880","0.859505","0.881752","0.957662","0.980705","0.990835"
"20130605","0.864075","0.845793","0.862954","0.867697","0.953185","0.976490","0.988247"
"20130607","0.851338","0.834751","0.809254","0.793491","0.938934","0.966809","0.982620"
"20130610","0.806328","0.793663","0.759090","0.755012","0.923591","0.955656","0.975825"
"20130611","0.748102","0.730947","0.680810","0.683577","0.902516","0.940532","0.966515"
"20130612","0.659175","0.707020","0.650050","0.734089","0.896136","0.932400","0.960328"
"20130613","0.691614","0.697136","0.681932","0.689112","0.885053","0.921969","0.952739"
"20130614","0.709500","0.750031","0.729275","0.766056","0.889347","0.919897","0.949279"
"20130617","0.757636","0.763981","0.775769","0.771951","0.893105","0.918696","0.946410"
"20130618","0.779516","0.790451","0.800431","0.799814","0.899841","0.920054","0.945047"
"20130619","0.799121","0.793834","0.793984","0.779897","0.901307","0.919492","0.942933"
"20130620","0.734814","0.712852","0.703664","0.691878","0.888921","0.911641","0.937123"
"20130621","0.637186","0.635243","0.633350","0.631164","0.871445","0.900118","0.929178"
"20130624","0.632369","0.631901","0.614891","0.601193","0.855244","0.888173","0.920664"
"20130625","0.618228","0.607936","0.594301","0.589539","0.842674","0.877421","0.912444"
"20130626","0.623030","0.672340","0.630519","0.679048","0.847884","0.876141","0.908969"
"20130627","0.709837","0.726035","0.729618","0.723763","0.858146","0.878849","0.907806"
"20130628","0.748290","0.774459","0.768146","0.800119","0.876581","0.887477","0.910133"
"20130701","0.755655","0.774197","0.770697","0.776934","0.885351","0.892590","0.911213"
"20130702","0.789760","0.770562","0.762725","0.750547","0.887191","0.894557","0.911021"
"20130703","0.735984","0.716525","0.693204","0.678673","0.877505","0.890130","0.907666"
"20130704","0.686841","0.687926","0.700636","0.686206","0.872191","0.887140","0.904964"
"20130705","0.708040","0.694681","0.706326","0.701050","0.870903","0.885941","0.903176"
"20130708","0.681033","0.658379","0.632493","0.618608","0.857527","0.878036","0.897908"
"20130709","0.632803","0.621015","0.624890","0.611085","0.847467","0.870937","0.892810"
"20130710","0.613419","0.633321","0.630718","0.652970","0.847120","0.868646","0.890051"
"20130711","0.664641","0.701594","0.683656","0.718929","0.856903","0.872311","0.890475"
"20130712","0.720534","0.729917","0.727259","0.734419","0.865777","0.876610","0.891544"
"20130715","0.733676","0.712011","0.717981","0.735027","0.871785","0.880179","0.892539"
"20130716","0.727763","0.720777","0.739216","0.736609","0.876031","0.883232","0.893509"
"20130717","0.736728","0.725969","0.745350","0.752019","0.881201","0.887024","0.895068"
"20130718","0.742672","0.744219","0.761465","0.770526","0.887458","0.891680","0.897299"
"20130719","0.758610","0.752763","0.774035","0.769975","0.891545","0.895444","0.899293"
"20130722","0.769119","0.749200","0.752195","0.737038","0.889269","0.895757","0.899638"
"20130723","0.743305","0.761485","0.762821","0.787423","0.895402","0.900245","0.902182"
"20130724","0.777838","0.767414","0.754975","0.763582","0.895871","0.901915","0.903427"
"20130725","0.759803","0.740136","0.752016","0.737961","0.892293","0.901129","0.903420"
"20130726","0.736490","0.726002","0.741437","0.733162","0.889180","0.900083","0.903201"
"20130729","0.722000","0.699707","0.709848","0.696081","0.881474","0.896114","0.901361"
"20130730","0.704398","0.704991","0.720290","0.720915","0.880107","0.894951","0.900796"
"20130731","0.726871","0.710033","0.713798","0.720059","0.879066","0.893928","0.900247"
"20130801","0.720577","0.703278","0.723189","0.725656","0.879222","0.893561","0.899997"
"20130802","0.733911","0.718080","0.732936","0.727647","0.879628","0.893428","0.899860"
"20130812","0.715514","0.694472","0.704385","0.700219","0.875734","0.891016","0.898522"
"20130813","0.695072","0.704278","0.714603","0.731440","0.877879","0.891664","0.898693"
"20130814","0.730438","0.729310","0.741344","0.755937","0.883028","0.894252","0.899932"
"20130815","0.740250","0.721350","0.750591","0.743563","0.884582","0.895330","0.900506"
"20130816","0.714652","0.693565","0.702146","0.687521","0.877109","0.891506","0.898544"
"20130819","0.661168","0.638098","0.574145","0.560880","0.852899","0.877741","0.891162"
"20130820","0.522952","0.503347","0.461531","0.508714","0.828839","0.862098","0.882173"
"20130821","0.510936","0.528586","0.509227","0.531118","0.816200","0.851181","0.875033"
"20130822","0.495217","0.490431","0.495142","0.514518","0.805254","0.840854","0.867837"
"20130823","0.526443","0.519815","0.517678","0.513914","0.797865","0.832355","0.861300"
"20130826","0.514640","0.495241","0.498018","0.485562","0.788634","0.823019","0.854131"
"20130827","0.468666","0.439698","0.429014","0.420667","0.772627","0.809931","0.844771"
"20130828","0.376380","0.428870","0.365896","0.453365","0.766921","0.801969","0.837750"
"20130829","0.459568","0.459860","0.463563","0.490860","0.768809","0.798603","0.833058"
"20130830","0.484631","0.512092","0.496458","0.543372","0.778041","0.800260","0.831138"
"20130902","0.540584","0.517855","0.484316","0.487879","0.775770","0.796954","0.826943"
"20130903","0.491590","0.492506","0.506820","0.519247","0.779019","0.796885","0.824537"
"20130904","0.502795","0.475541","0.483651","0.474884","0.774449","0.793102","0.820396"
"20130905","0.484532","0.469953","0.459370","0.464834","0.769876","0.789162","0.816204"
"20130906","0.466283","0.448351","0.459781","0.480997","0.769282","0.787297","0.813128"
"20130909","0.498744","0.511549","0.507422","0.542841","0.778276","0.790964","0.813082"
"20130910","0.561026","0.608938","0.578285","0.638143","0.798741","0.801969","0.817260"
"20130911","0.645704","0.634465","0.607983","0.630982","0.811298","0.810371","0.820723"
"20130912","0.615166","0.609157","0.621050","0.626976","0.819060","0.816909","0.823678"
"20130913","0.611383","0.605974","0.618479","0.632277","0.825040","0.822703","0.826587"
"20130916","0.645533","0.679579","0.664120","0.707271","0.840413","0.833742","0.832539"
"20130917","0.699936","0.686693","0.697174","0.704400","0.850226","0.842533","0.837797"
"20130918","0.689697","0.668244","0.677553","0.670919","0.851684","0.846914","0.841072"
"20130919","0.737977","0.834474","0.758235","0.774664","0.868408","0.859211","0.848629"
"20130920","0.759815","0.746676","0.740156","0.725127","0.872036","0.865112","0.853272"
"20130923","0.684142","0.687781","0.699751","0.715297","0.872963","0.869114","0.857038"
"20130924","0.701381","0.693932","0.668570","0.663438","0.865706","0.868034","0.858150"
"20130925","0.614514","0.623719","0.617084","0.633092","0.856261","0.864601","0.857812"
"20130926","0.626312","0.640165","0.640031","0.629269","0.849384","0.861472","0.857337"
"20130927","0.644444","0.627367","0.649107","0.637911","0.846112","0.859637","0.857289"
"20130930","0.609358","0.597866","0.586287","0.572892","0.834058","0.852675","0.854368"
"20131001","0.568126","0.585942","0.585505","0.596092","0.829545","0.848928","0.852752"
"20131002","0.608473","0.611324","0.625966","0.622911","0.830608","0.848114","0.852478"
"20131003","0.624250","0.612076","0.640329","0.636727","0.833414","0.848609","0.852841"
"20131004","0.626077","0.604006","0.625908","0.622793","0.833170","0.847843","0.852552"
"20131007","0.620516","0.603718","0.624123","0.619000","0.832431","0.846898","0.852124"
"20131008","0.604643","0.625876","0.622477","0.648585","0.836430","0.848609","0.853045"
"20131009","0.636613","0.641567","0.648338","0.662216","0.841165","0.851154","0.854483"
"20131010","0.672745","0.658723","0.686054","0.678394","0.846779","0.854595","0.856500"
"20131011","0.697318","0.681580","0.700237","0.698638","0.853595","0.859111","0.859221"
"20131016","0.698867","0.678480","0.691537","0.683590","0.855854","0.861542","0.861017"
"20131017","0.699725","0.687730","0.698082","0.695151","0.859116","0.864501","0.863153"
"20131018","0.690567","0.681957","0.697328","0.709598","0.863483","0.868136","0.865726"
"20131021","0.711749","0.701456","0.725078","0.724668","0.868683","0.872376","0.868721"
"20131022","0.702693","0.685408","0.693700","0.686448","0.866347","0.872635","0.869738"
"20131023","0.692761","0.713153","0.712253","0.700638","0.866944","0.874038","0.871287"
"20131024","0.690205","0.700026","0.707236","0.726951","0.871337","0.877396","0.873853"
"20131025","0.712215","0.705147","0.725138","0.719737","0.873171","0.879538","0.875856"
"20131028","0.723170","0.708195","0.728302","0.722346","0.874789","0.881510","0.877783"
"20131029","0.711463","0.695614","0.710226","0.705557","0.873319","0.881713","0.878783"
"20131030","0.701341","0.686091","0.707718","0.713023","0.873472","0.882506","0.880019"
"20131031","0.682153","0.668478","0.680223","0.677419","0.868169","0.880165","0.879561"
"20131101","0.649435","0.655140","0.652801","0.638700","0.858754","0.874997","0.877432"
"20131104","0.630470","0.617566","0.637843","0.636101","0.852083","0.870551","0.875391"
"20131106","0.635217","0.621912","0.645005","0.650839","0.849874","0.868152","0.874196"
"20131107","0.649308","0.648245","0.664955","0.671036","0.851467","0.867884","0.874010"
"20131108","0.650312","0.644039","0.659756","0.664386","0.851520","0.867107","0.873547"
"20131111","0.658030","0.639214","0.656287","0.648340","0.849119","0.865124","0.872418"
"20131112","0.648666","0.627267","0.627739","0.618423","0.842976","0.860988","0.870072"
"20131113","0.600116","0.574359","0.584724","0.577624","0.832686","0.854178","0.866142"
"20131114","0.587525","0.593191","0.605233","0.612804","0.831167","0.851561","0.864145"
"20131115","0.622202","0.606728","0.603060","0.595773","0.827569","0.847989","0.861584"
"20131118","0.607960","0.603998","0.625482","0.632307","0.830717","0.848135","0.860884"
"20131119","0.626454","0.612096","0.631601","0.635514","0.833303","0.848524","0.860393"
"20131120","0.637505","0.612802","0.611604","0.608277","0.830891","0.846555","0.858743"
"20131121","0.589511","0.570595","0.594725","0.595613","0.827361","0.843880","0.856689"
"20131122","0.608166","0.585807","0.599649","0.592812","0.824582","0.841456","0.854707"
"20131125","0.595926","0.579027","0.605031","0.599566","0.823755","0.840040","0.853212"
"20131126","0.592079","0.567992","0.554299","0.541245","0.814349","0.833984","0.849278"
"20131127","0.552681","0.532654","0.550132","0.551930","0.809700","0.829926","0.846192"
"20131128","0.556110","0.534372","0.543643","0.546647","0.805799","0.826163","0.843166"
"20131129","0.534163","0.525522","0.549217","0.552898","0.804147","0.823608","0.840704"
"20131202","0.557030","0.565025","0.571785","0.589973","0.808675","0.824632","0.840119"
"20131203","0.583566","0.558391","0.575706","0.575843","0.809548","0.824283","0.838964"
"20131204","0.557409","0.535710","0.563282","0.550132","0.806227","0.821838","0.836780"
"20131205","0.544183","0.519667","0.533833","0.538087","0.802184","0.818826","0.834271"
"20131206","0.525018","0.498213","0.521825","0.518327","0.796488","0.814702","0.831126"
"20131209","0.533322","0.518775","0.538038","0.540267","0.796022","0.813170","0.829252"
"20131210","0.542887","0.547219","0.556208","0.575065","0.800995","0.814840","0.829098"
"20131211","0.569951","0.548921","0.568702","0.575698","0.804406","0.816259","0.828986"
"20131212","0.550827","0.531553","0.554370","0.541314","0.801460","0.814532","0.827362"
"20131213","0.538429","0.511659","0.528516","0.519544","0.796190","0.811291","0.824929"
"20131216","0.505009","0.478273","0.498543","0.493267","0.788688","0.806433","0.821564"
"20131217","0.503727","0.502376","0.519672","0.524879","0.788486","0.805113","0.819920"
"20131218","0.526894","0.510835","0.532159","0.533268","0.789625","0.804737","0.818803"
"20131219","0.549774","0.536523","0.554279","0.554290","0.793576","0.806195","0.818724"
"20131220","0.548370","0.522216","0.540736","0.536273","0.793474","0.805875","0.817854"
"20131223","0.536426","0.511771","0.527510","0.533393","0.792969","0.805371","0.816940"
"20131224","0.534002","0.515097","0.539639","0.543699","0.794197","0.805824","0.816569"
"20131227","0.544280","0.531331","0.557498","0.544410","0.795124","0.806255","0.816265"
"20131230","0.558081","0.539495","0.566678","0.568487","0.799398","0.808629","0.817056"
"20140102","0.577487","0.569593","0.591233","0.599369","0.806935","0.813165","0.819139"
"20140103","0.576344","0.551544","0.570457","0.564028","0.806595","0.813909","0.819458"
"20140106","0.561311","0.536811","0.543050","0.539611","0.802660","0.812466","0.818667"
"20140107","0.538045","0.513945","0.539826","0.526925","0.798111","0.810221","0.817389"
"20140108","0.528154","0.510797","0.530079","0.538174","0.796787","0.809328","0.816730"
"20140109","0.533989","0.516377","0.544396","0.537344","0.795777","0.808528","0.816098"
"20140110","0.530672","0.549650","0.544152","0.569223","0.799945","0.810551","0.816937"
"20140113","0.590294","0.618152","0.606680","0.644831","0.814203","0.818556","0.821044"
"20140115","0.647794","0.657000","0.663725","0.671567","0.827767","0.827351","0.825943"
"20140116","0.675879","0.653508","0.670274","0.656412","0.834509","0.833273","0.829705"
"20140117","0.649269","0.636375","0.656756","0.653805","0.838608","0.837900","0.832993"
"20140120","0.646628","0.637121","0.664158","0.661592","0.842523","0.842340","0.836313"
"20140121","0.663937","0.644687","0.677175","0.668734","0.846217","0.846572","0.839633"
"20140122","0.659522","0.655616","0.673340","0.683822","0.850971","0.851302","0.843304"
"20140123","0.690639","0.675100","0.701589","0.691951","0.855374","0.855855","0.846986"
"20140124","0.676588","0.653791","0.672349","0.658041","0.853161","0.856732","0.848816"
"20140127","0.602660","0.578693","0.586725","0.596583","0.842355","0.852288","0.847750"
"20140128","0.585316","0.586801","0.592872","0.608691","0.836989","0.849669","0.847322"
"20140129","0.613592","0.629156","0.631742","0.646624","0.839171","0.850712","0.848615"
"20140130","0.611069","0.615805","0.621887","0.644863","0.840358","0.851418","0.849706"
"20140203","0.632874","0.610664","0.632703","0.625914","0.838273","0.850403","0.849854"
"20140204","0.588849","0.588822","0.603264","0.607129","0.834030","0.847996","0.849157"
"20140205","0.619487","0.599512","0.627640","0.625530","0.833996","0.847572","0.849341"
"20140206","0.622643","0.618512","0.640064","0.647512","0.837310","0.849070","0.850480"
"20140207","0.653991","0.644664","0.672084","0.668040","0.842637","0.852021","0.852420"
"20140210","0.675542","0.659075","0.674346","0.660016","0.844970","0.853761","0.853820"
"20140211","0.657598","0.646759","0.675390","0.670764","0.848157","0.856087","0.855562"
"20140212","0.678643","0.660475","0.688172","0.681093","0.851849","0.858858","0.857595"
"20140213","0.674731","0.654367","0.689656","0.677095","0.853704","0.860789","0.859258"
"20140214","0.680810","0.659062","0.694462","0.684365","0.856045","0.862980","0.861085"
"20140217","0.690277","0.683264","0.709727","0.707128","0.861061","0.866684","0.863745"
"20140218","0.704631","0.686410","0.716534","0.706485","0.864308","0.869660","0.866124"
"20140219","0.703793","0.696822","0.723323","0.724145","0.869154","0.873579","0.869057"
"20140220","0.713387","0.704145","0.732124","0.731311","0.873472","0.877387","0.872029"
"20140221","0.737057","0.728610","0.755636","0.752470","0.879564","0.882279","0.875654"
"20140224","0.751634","0.735494","0.754116","0.739505","0.881656","0.885193","0.878360"
"20140225","0.737457","0.722513","0.721377","0.710850","0.878701","0.885171","0.879540"
"20140226","0.696497","0.678847","0.696652","0.687399","0.873170","0.883183","0.879569"
"20140227","0.683485","0.681080","0.699499","0.703429","0.871916","0.882904","0.880305"
"20140228","0.706666","0.704854","0.722920","0.732004","0.875419","0.885074","0.882236"
"20140303","0.707373","0.689369","0.721700","0.714749","0.875134","0.885401","0.883220"
"20140304","0.708020","0.695718","0.721168","0.721523","0.875973","0.886237","0.884409"
"20140305","0.729370","0.721893","0.747271","0.747958","0.880546","0.889142","0.886656"
"20140306","0.748424","0.735061","0.761434","0.761564","0.885660","0.892661","0.889291"
"20140307","0.764486","0.745483","0.770888","0.756935","0.888367","0.895151","0.891470"
"20140310","0.738542","0.731872","0.753730","0.752660","0.889523","0.896830","0.893252"
"20140311","0.745080","0.736667","0.764747","0.762614","0.891804","0.899039","0.895305"
"20140312","0.742350","0.733585","0.755807","0.752510","0.891791","0.899998","0.896716"
"20140313","0.754188","0.750010","0.772383","0.776193","0.895378","0.902772","0.899040"
"20140314","0.750162","0.842436","0.764359","0.866639","0.911502","0.912637","0.905148"
"20140317","0.866448","0.850756","0.858582","0.861082","0.921408","0.920242","0.910427"
"20140318","0.856836","0.844029","0.835005","0.821166","0.921951","0.923112","0.913437"
"20140319","0.823292","0.813863","0.841282","0.828382","0.923409","0.926066","0.916480"
"20140320","0.813993","0.794494","0.775278","0.761918","0.914289","0.922901","0.916290"
"20140321","0.764181","0.756841","0.757900","0.762779","0.908340","0.920384","0.916156"
"20140324","0.765272","0.750617","0.773815","0.770524","0.905550","0.918975","0.916378"
"20140325","0.756213","0.738657","0.770278","0.760292","0.902137","0.916963","0.916126"
"20140326","0.758469","0.757792","0.778815","0.772916","0.901778","0.916377","0.916457"
"20140327","0.763378","0.765510","0.781893","0.768384","0.900850","0.915517","0.916556"
"20140328","0.772563","0.768406","0.792577","0.788932","0.903352","0.916539","0.917555"
"20140401","0.801536","0.825874","0.821366","0.850431","0.914357","0.922540","0.921181"
"20140402","0.847572","0.839299","0.857548","0.850062","0.921638","0.927418","0.924446"
"20140403","0.848945","0.840298","0.868132","0.861908","0.928290","0.932405","0.927925"
"20140404","0.858083","0.841965","0.847083","0.840225","0.929433","0.934664","0.930112"
"20140407","0.833258","0.856703","0.853545","0.876367","0.935682","0.939548","0.933691"
"20140408","0.871520","0.857857","0.887953","0.879697","0.940354","0.943823","0.937076"
"20140410","0.814501","0.796156","0.800776","0.798208","0.931096","0.940477","0.936532"
"20140411","0.772568","0.799872","0.787472","0.824987","0.928990","0.939989","0.937224"
"20140414","0.816903","0.825823","0.838499","0.847545","0.931011","0.941484","0.938850"
"20140415","0.846652","0.837879","0.859399","0.847730","0.932386","0.942722","0.940329"
"20140416","0.850616","0.836612","0.864928","0.848573","0.933431","0.943807","0.941704"
"20140417","0.858492","0.843367","0.869362","0.863983","0.936467","0.945988","0.943631"
"20140421","0.868175","0.850272","0.877193","0.863362","0.938397","0.947720","0.945346"
"20140422","0.856028","0.841580","0.862132","0.865801","0.940054","0.949343","0.947007"
"20140423","0.856509","0.851118","0.877077","0.863329","0.940784","0.950463","0.948399"
"20140424","0.856613","0.851016","0.874248","0.863973","0.941368","0.951433","0.949688"
"20140425","0.859685","0.852127","0.880180","0.863664","0.941710","0.952201","0.950840"
"20140428","0.856725","0.841501","0.840488","0.824393","0.935976","0.949531","0.950144"
"20140429","0.813542","0.799913","0.827500","0.820293","0.931530","0.947002","0.949332"
"20140430","0.824174","0.809698","0.837617","0.827466","0.929656","0.945536","0.948916"
"20140502","0.825265","0.815627","0.844777","0.829542","0.928721","0.944510","0.948631"
"20140505","0.826408","0.815545","0.846115","0.832931","0.928613","0.943956","0.948523"
"20140506","0.829259","0.814635","0.842679","0.828399","0.927853","0.943121","0.948225"
"20140507","0.822099","0.816180","0.841373","0.840242","0.929144","0.943433","0.948479"
"20140508","0.845410","0.829582","0.850547","0.843934","0.930565","0.943999","0.948873"
"20140509","0.841273","0.833518","0.858282","0.857912","0.933635","0.945635","0.949848"
"20140512","0.858368","0.851885","0.878352","0.868563","0.937299","0.947869","0.951202"
"20140513","0.876089","0.859942","0.876736","0.868899","0.939792","0.949724","0.952442"
"20140514","0.873976","0.888075","0.895163","0.911300","0.947892","0.954803","0.955441"
"20140516","0.899848","0.914293","0.920581","0.936956","0.957188","0.961114","0.959290"
"20140519","0.944593","0.948453","0.928784","0.933252","0.962822","0.965965","0.962608"
"20140520","0.923585","0.906949","0.870214","0.870862","0.957106","0.964696","0.962849"
"20140521","0.858289","0.856491","0.873245","0.878138","0.954400","0.964268","0.963388"
"20140522","0.885869","0.876569","0.901998","0.897100","0.955475","0.965510","0.964716"
